<?xml version="1.0" encoding="UTF-8"?>
<persistence version="2.1" xmlns="http://xmlns.jcp.org/xml/ns/persistence" xmlns:xsi="http://www.w3.org/2001/XMLSchema-instance" xsi:schemaLocation="http://xmlns.jcp.org/xml/ns/persistence http://xmlns.jcp.org/xml/ns/persistence/persistence_2_1.xsd">
  <persistence-unit name="JSConsolePU" transaction-type="JTA">
    <jta-data-source>jdbc/sample</jta-data-source>
    <exclude-unlisted-classes>false</exclude-unlisted-classes>
    <properties>
      <property name="javax.persistence.schema-generation.database.action" value="create"/>
    </properties>
  </persistence-unit>
</persistence>

         <!-- EclipseLink should create the database schema automatically -->
         <!-- <property name="eclipselink.ddl-generation" value="create-tables" /> -->
         <!-- <property name="eclipselink.ddl-generation.output-mode" value="database" /> -->